Folder no.,Project no.,Project name,Batch no.,Comment,Sample taken,Grid reference,Flow rate (litres/sec),Weather conditions,BOD 5 Day ATU (mg/l),Nitrogen : Total as N (mg/l),Phosphorus : Total as P (mg/l),Alkalinity to pH 4.5 as CaCO3 (mg/l),Ammoniacal Nitrogen as N (mg/l),Chloride (mg/l),Nitrite as N (mg/l),Nitrogen : Total Oxidised as N (mg/l),"Orthophosphate, reactive as P (mg/l)","Silicate, reactive as SiO2 (mg/l)",Phosphate : Total as P (mg/l),Conductivity at 20C (uS/cm),Turbidity (NTU),"Solids, Suspended at 105 C (mg/l)",Calcium (mg/l),Magnesium (mg/l),Potassium (mg/l),Sodium (mg/l)
003246228,22132033,Shropshire Mere inflows monitoring,20079029,Marton Pool Inflow Road Drain,19-MAY-15  15:10,SJ2935 0281,10.00,,>23.7,36.2,2.2,194,3.48,64.2,1.4,3.56,0.957,6.17,1.71,541,209,224,53,10.8,36.1,31.8
003246229,22132033,Shropshire Mere inflows monitoring,20079029,Marton Pool Inflow Lowerfield Brook,19-MAY-15  13:20,SJ2948 0292,20.00,,1.35,4.17,0.119,153,0.285,20.3,0.0187,3.6,0.096,6.55,0.107,373,4,5.53,56.8,10.2,3.14,11.3
003246230,22132033,Shropshire Mere inflows monitoring,20079029,Marton Pool Inflow Dale Ditch,19-MAY-15  13:50,SJ2963 0287,26.00,,<1.00,0.66,0.0422,270,0.148,45.4,0.0137,0.37,0.017,11.5,<0.0400,672,6.6,4.83,104,17.2,4.44,24.8
003246231,22132033,Shropshire Mere inflows monitoring,20079402,White Mere Inflow Griffiths Field Drain,01-JUN-15  11:05,SJ4170 3274,1.00,,<1.00,0.83,0.0686,310,0.034,51.1,<0.00400,0.42,0.017,7.41,0.0737,771,44.2,24.3,133,24,2.36,16.9
003246232,22132033,Shropshire Mere inflows monitoring,20079402,Cole Mere Inflow Little Mill Cottage,01-JUN-15  12:04,SJ4288 3347,8.00,,<1.00,1.4,0.129,116,0.06,17.2,0.0142,0.42,0.037,3.26,0.111,250,9.1,11.5,43,4.45,1.23,8.78
003246233,22132033,Shropshire Mere inflows monitoring,20079402,Cole Mere Inflow Canal by the Overspill,01-JUN-15  12:23,SJ4309 3356,1.00,,1.46,0.97,0.0309,31,<0.0300,14.1,<0.00400,0.62,<0.0100,1.43,0.0331,110,16.2,27.1,11.4,2.25,0.971,7.2
003246234,22132033,Shropshire Mere inflows monitoring,20079402,Cole Mere Inflow Black Coppice Drain,01-JUN-15  12:35,SJ4313 3354,1.40,,2.59,14.8,0.0897,220,<0.0300,40.9,0.0071,13.5,<0.0100,7.42,0.0612,616,16.7,37.3,136,19.3,10.2,13.1
003246235,22132033,Shropshire Mere inflows monitoring,20079402,Crose Mere Silt Trap Inflow,01-JUN-15  13:45,SJ4283 3034,0.30,,2.5,14.7,0.68,212,0.503,37,0.297,12.7,0.56,6.74,0.66,607,7.2,11.6,95.8,18.4,3.01,15.4
003246236,22132033,Shropshire Mere inflows monitoring,20079402,Crose Mere Silt Trap Outflow,01-JUN-15  14:02,SJ4285 3038,0.08,,7.2,2.51,0.779,227,<0.0300,42.3,0.0064,<0.200,0.549,11,0.685,474,22.4,18.4,73.2,19.2,4.7,15.3
003246237,22132033,Shropshire Mere inflows monitoring,20079402,Sweat Mere Inflow Hulme Field Drain,01-JUN-15 15:30,SJ4367 3040,8.50,,<1.00,18.3,<0.0100,275,<0.0300,37.5,0.0196,16.7,<0.0100,9.44,<0.0200,774,6.7,5.22,113,11.4,1.03,14.4
003272017,22132033,Shropshire Mere inflows monitoring,20081060,Marton Pool Inflow Road Drain,09-JUL-15  11:30,SJ2935 0281,6.00,Fine and dry,1.16,17.3,0.056,211,0.108,40.7,0.065,17,0.032,9.48,0.0528,614,3.8,3.55,109,14.4,4.99,20.2
003272018,22132033,Shropshire Mere inflows monitoring,20081060,Marton Pool Inflow Lowerfield Brook,09-JUL-15  12:10,SJ2948 0292,11.00,Fine and dry,1.14,3.29,0.0742,181,0.03,20.6,0.011,3.07,0.066,9.7,0.0761,415,2.2,<3,72,13.1,2.61,13
003272019,22132033,Shropshire Mere inflows monitoring,20081060,Marton Pool Inflow Dale Ditch,09-JUL-15  12:50,SJ2963 0287,20.00,Fine and dry,<1.00,0.7,0.0184,265,0.517,39.5,0.0077,<0.200,<0.0100,12.8,<0.0200,634,4.3,<3,112,18.3,4.64,22.4
003272020,22132033,Shropshire Mere inflows monitoring,20082660,Sweat Mere Inflow Hulme Field Drain,18-AUG-15  09:15,SJ4367 3040,0.75,,<1.00,21.7,<0.0100,265,<0.0300,36.1,0.0197,20.2,<0.0100,10.1,<0.0200,799,<1.00,<3,142,18.8,10.9,13.3
003272021,22132033,Shropshire Mere inflows monitoring,20082660,Crose Mere Silt Trap Inflow,18-AUG-15  11:08,SJ4283 3034,0.02,,1.2,20.5,1.02,146,0.035,33.2,0.043,19,0.918,8.01,0.995,555,3.3,4.07,85.5,15.3,3.32,17.3
003272022,22132033,Shropshire Mere inflows monitoring,20082660,White Mere Inflow Griffiths Field Drain,18-AUG-15  12:45,SJ4170 3274,0.33,,<1.00,0.67,0.137,320,0.039,53.4,<0.00400,0.22,<0.0100,7.93,0.106,814,76.1,39.4,151,25.2,2.56,19
003272023,22132033,Shropshire Mere inflows monitoring,20082660,Clarepool Moss Near Diver 2,18-AUG-15  13:45,SJ4347 3409,0.00,,>22.0,5.55,3.08,12,4.88,32.1,0.0161,<0.200,1.35,<0.200,2.66,133,29.5,58.1,6.11,2.49,8.09,8.4
003272024,22132033,Shropshire Mere inflows monitoring,20082660,Cole Mere Inflow Canal by the Overspill,18-AUG-15  15:13,SJ4309 3356,0.00,,1.48,2.44,0.231,19,<0.0300,11.7,<0.00400,0.25,<0.0100,1.3,0.0659,82,39.1,78.2,8.32,1.91,0.732,6.45
003272025,22132033,Shropshire Mere inflows monitoring,20082660,Cole Mere Inflow Black Coppice Drain,18-AUG-15  15:20,SJ4313 3354,3.75,,<1.00,15.2,0.0444,218,<0.0300,40.2,0.0059,14.3,0.02,8.83,0.031,639,3.4,12.5,122,11.1,1.33,15.5
003272026,22132033,Shropshire Mere inflows monitoring,20082660,Cole Mere Inflow Little Mill Cottage,18-AUG-15  15:45,SJ4288 3347,1.13,,1.21,1.08,0.181,77,<0.0300,14.4,0.0062,0.29,0.054,5.08,0.164,183,12.9,16.5,30.4,3.31,0.787,7.52
003343809,22132033,Shropshire Mere inflows monitoring,20083551,Marton Pool Inflow Road Drain,10-SEP-15  12:12,SJ2935 0281,0.30,,2.78,18.7,0.547,233,2.36,46.4,0.271,16,0.469,10.1,0.524,682,2.2,4.5,105,14.1,7.1,25
003343810,22132033,Shropshire Mere inflows monitoring,20083551,Marton Pool Inflow Lowerfield Brook,10-SEP-15  12:30,SJ2948 0292,14.40,,1.63,4.15,0.244,184,1.19,28.2,0.105,2.77,0.225,9.28,0.242,461,2.4,4.3,68.8,12.9,3.5,17.1
003343811,22132033,Shropshire Mere inflows monitoring,20083551,Marton Pool Inflow Dale Ditch,10-SEP-15  13:00,SJ2963 0287,15.00,,1,0.94,0.133,281,0.75,40.6,0.0142,<0.200,0.031,13.5,0.13,667,9.4,8.1,110,17.9,4.92,22.2
003343277,22132033,Shropshire Mere inflows monitoring,20085372,Cole Mere Inflow Canal by the Overspill,27-OCT-15  10:15,SJ4309 3356,3.50,,<1.00,0.57,0.0386,19,<0.0300,11.1,<0.00400,0.2,<0.0100,1.88,0.029,82,9.1,22,7.17,1.63,0.932,6.34
003343278,22132033,Shropshire Mere inflows monitoring,20085372,Cole Mere Inflow Black Coppice Drain,27-OCT-15  10:30,SJ4313 3354,4.00,,<1.00,12.3,<0.0100,219,<0.0300,37.6,0.015,10.6,<0.0100,8.83,<0.0200,599,1.8,4.9,112,11.3,2.23,14.8
003343279,22132033,Shropshire Mere inflows monitoring,20085372,Cole Mere Inflow Little Mill Cottage,27-OCT-15  13:00,SJ4288 3347,2.00,,1.11,1.03,0.128,89,0.03,18.1,0.0056,0.25,0.075,5.89,0.113,219,9.7,10.2,34.5,3.8,1.61,8.16
003343280,22132033,Shropshire Mere inflows monitoring,20085372,White Mere Inflow Griffiths Field Drain,27-OCT-15  14:10,SJ4170 3274,0.25,,<1.00,0.81,0.792,333,0.03,53.1,0.0056,0.28,0.026,7.28,0.169,816,664,267,150,25,2.34,17.4
003343281,22132033,Shropshire Mere inflows monitoring,20085372,Sweat Mere Inflow Hulme Field Drain,27-OCT-15  15:00,SJ4367 3040,0.50,,<1.00,27.3,<0.0100,266,<0.0300,34.4,0.0051,19.6,<0.0100,9.7,<0.0200,791,1.4,<3,136,18.7,11.2,12.9
003343282,22132033,Shropshire Mere inflows monitoring,20085892,Marton Pool Inflow Road Drain,10-NOV-15  12:30,SJ2935 0281,0.66,After rain,19.7,20.2,3.3,287,5.03,79.4,0.0887,7.79,2.09,12.1,2.83,857,50.7,44.3,86.7,16.5,74.3,30.2
003343283,22132033,Shropshire Mere inflows monitoring,20085892,Marton Pool Inflow Lowerfield Brook,10-NOV-15  12:45,SJ2948 0292,18.00,After rain,1.02,4.15,0.0877,157,<0.0300,22.1,0.0129,3.22,0.061,9.81,0.0745,395,4.3,5.88,59.9,10.4,4.85,11.8
003343284,22132033,Shropshire Mere inflows monitoring,20085892,Marton Pool Inflow Dale Ditch,10-NOV-15 13:00,SJ2963 0287,10.00,After rain,3.47,1.92,0.442,266,1.15,46.6,0.0042,<0.200,0.012,13,0.422,706,21.3,16.8,107,18,13,23.8
003343285,22132033,Shropshire Mere inflows monitoring,20086133,White Mere Silt Trap Inflow,13-NOV-15  09:40,SJ4169 3306,2.00,After heavy rain,11.5,3.22,1.02,95,0.065,40,0.0074,<0.200,0.055,3.9,0.668,294,745,288,46.1,10.4,5.21,27.3
003343286,22132033,Shropshire Mere inflows monitoring,20086133,White Mere Swale After Check Dam,13-NOV-15  09:45,SJ4170 3304,0.00,After heavy rain,5.76,1.17,0.296,155,0.071,54.9,<0.00400,<0.200,0.094,6.32,0.273,465,64,70.5,52.8,4.83,7.59,38.1
003343287,22132033,Shropshire Mere inflows monitoring,20086133,Crose Mere Silt Trap Outflow,13-NOV-15  14:20,SJ4285 3038,2.00,After heavy rain,<2.92,5.23,0.272,152,0.744,40,0.116,2.69,0.104,8.2,0.235,466,24.9,22.4,63.3,12.1,13.8,12
003343288,22132033,Shropshire Mere inflows monitoring,20086133,Crose Mere Silt Trap Inflow,13-NOV-15  14:30,SJ4283 3034,3.00,After heavy rain,4.31,13.5,0.367,182,0.099,61.2,0.0282,11,0.157,8.56,0.253,646,56.5,66.1,88.3,17.3,22.2,16.7
003287184,22132033,Shropshire Mere inflows monitoring,20086133,Clarepool Moss Near Diver 2,13-NOV-15  16:00,SJ4347 3409,0.00,After heavy rain,<2.92,12.9,2.87,34,5.25,29.2,<0.00400,<0.200,2.19,0.53,2.98,120,15.1,29.5,3.92,1.39,6.18,6.06
003390510,22132033,Shropshire Mere inflows monitoring,20087550,Cole Mere Inflow Canal by the Overspill,17-DEC-15  09:00,SJ4309 3356,0.00,Light rain. Much rainfall over last three weeks,<1.00,1.79,0.0308,39,0.033,14,<0.00400,1.43,0.015,3.65,0.0215,140,4.1,3.93,,,,
003390511,22132033,Shropshire Mere inflows monitoring,20087550,Cole Mere Inflow Black Coppice Drain,17-DEC-15  09:10,SJ4313 3354,3.20,Light rain. Much rainfall over last three weeks,<1.00,6.98,0.0568,184,0.156,45.6,0.0419,5.82,0.04,9.84,0.043,516,1.5,3.08,,,,
003390512,22132033,Shropshire Mere inflows monitoring,20087550,Cole Mere Inflow Little Mill Cottage,17-DEC-15  09:20,SJ4288 3347,4.50,Light rain. Much rainfall over last three weeks,1.08,2.4,0.181,98,0.407,21.3,0.0183,0.26,0.114,7.7,0.159,256,6.7,4.73,,,,
003390513,22132033,Shropshire Mere inflows monitoring,20087550,White Mere Silt Trap Inflow,17-DEC-15  11:26,SJ4169 3306,0.10,Raining,5.5,6.57,0.562,190,0.084,108,0.0265,4.08,<0.0100,8.89,0.474,711,651,460,,,,
003390514,22132033,Shropshire Mere inflows monitoring,20087550,White Mere Swale After Check Dam,17-DEC-15  11:30,SJ4170 3304,0.00,Raining,1.73,2.98,0.0752,172,0.113,95.4,0.14,2.04,0.019,7.77,0.0536,621,29.5,17.3,,,,
003390515,22132033,Shropshire Mere inflows monitoring,20087550,White Mere Inflow Griffiths Field Drain,17-DEC-15  12:10,SJ4170 3274,2.00,"Strong flow orange tint but ochre had dispersed, brief lull in rain",<1.00,9.85,0.129,65,0.146,45.7,<0.00400,7.22,0.087,6.31,0.0962,366,2.8,<3,,,,
003390516,22132033,Shropshire Mere inflows monitoring,20087550,Crose Mere Silt Trap Inflow,17-DEC-15  13:00,SJ4283 3034,4.00,Raining,<1.00,11.6,0.285,155,0.327,44.4,0.0432,9.72,0.161,7.91,0.248,498,30.6,23.4,,,,
003390517,22132033,Shropshire Mere inflows monitoring,20087550,Crose Mere Silt Trap Outflow,17-DEC-15  13:15,SJ4285 3038,4.00,Raining,<1.00,10.6,0.259,150,0.33,42.3,0.0665,8.97,0.166,7.86,0.227,476,27.2,8.53,,,,
003390518,22132033,Shropshire Mere inflows monitoring,20087550,Sweat Mere Inflow Hulme Field Drain,17-DEC-15  13:40,SJ4367 3040,5.00,Light rain. Much rainfall over last three weeks,<1.00,8.33,0.135,240,0.09,33,0.018,6.73,0.089,8.57,0.123,693,3.7,4.83,,,,
003390519,22132033,Shropshire Mere inflows monitoring,20087674,Marton Pool Inflow Road Drain,18-DEC-15  10:05,SJ2935 0281,8.00,Flowing strongly. Mere quite high,2.58,18.3,0.565,155,1.53,49.3,0.105,14.1,0.351,9.43,0.495,601,46.4,76.8,,,,
003412402,22132033,Shropshire Mere inflows monitoring,20087674,Marton Pool Inflow Lowerfield Brook,18-DEC-15  10:40,SJ2948 0292,60.00,Flowing strongly. Mere quite high,1.23,6.56,0.063,96,<0.0300,20.6,0.0095,5.9,0.036,8.61,0.0582,308,12,25.9,,,,
003412403,22132033,Shropshire Mere inflows monitoring,20087674,Marton Pool Inflow Dale Ditch,18-DEC-15  11:00,SJ2963 0287,20.400,Flowing strongly. Mere quite high,<1.00,4.47,0.0576,214,0.081,43,0.0308,3.28,0.03,11.4,0.0507,644,3,<3,,,,
003412404,22132033,Shropshire Mere inflows monitoring,20087674,Marton Pool caravan extension,18-DEC-15  12:40,SJ2930 0299,0.028,Flowing steadily,1.06,7.36,0.181,195,3.91,30.8,0.021,1.93,0.124,16.2,0.146,541,18.3,17.6,,,,
003412405,22132033,Shropshire Mere inflows monitoring,20087674,Marton Pool drain from Marton village/rd in Evans Field,18-DEC-15  13:30,SJ2906 0259,0.017,"Flowing steadily, light rain",1.68,6.8,0.704,192,0.067,72.5,0.0237,5.22,0.527,14.4,0.646,679,41,66.5,,,,
003412406,22132033,12447 Shropshire Mere inflows monitoring,20088086,Brown Moss Field Drain from Mullocks to Pool 1,10-JAN-16  14:15,SJ5620 3993,0.33,"Not raining at the time, orange ochre",<1.00,8.14,0.107,234,0.135,20.8,<0.00400,6.9,0.037,6.97,0.0977,690,10.4,23,,,,
003412407,22132033,12447 Shropshire Mere inflows monitoring,20088086,Brown Moss by Road Culvert to Pool 5,10-JAN-16  14:30,SJ5630 3969,0.50,"Not raining at the time, yellowish tannin?",<1.00,4.7,0.395,133,0.096,22.7,0.0274,3.02,0.345,6.74,0.366,351,1.9,3.93,,,,
003412408,22132033,12447 Shropshire Mere inflows monitoring,20088086,Brown Moss Field Culvert from Matthews field to Pool 13,10-JAN-16  15:40,SJ5624 3899,2.00,"Not raining at the time, silty",<1.00,14.5,0.156,78,0.051,30.4,0.0097,13.1,0.103,5.84,0.132,381,29.1,16.1,,,,
003412409,22132033,12447 Shropshire Mere inflows monitoring,20088086,Brown Moss Culvert Under Track By Holly Cottage to Pool 6,10-JAN-16  15:50,SJ5613 3908,2.50,Not raining at the time,<1.00,29,0.0768,92,0.085,33.4,0.0084,24.8,0.049,6.07,0.0609,531,14.7,9.53,,,,
003423619,22132033,12447 Shropshire Mere inflows monitoring,20088086,Cole Mere Inflow Little Mill Cottage,12-JAN-16  08:20,SJ4288 3347,9.30,"Not raining at the time, yellowish tannin?",1.27,2.8,0.18,91,0.324,17.8,0.0193,0.86,0.092,6.2,0.13,237,5.6,5.83,,,,
003412410,22132033,12447 Shropshire Mere inflows monitoring,20088197,Cole Mere Inflow Canal by the Overspill,12-JAN-16  08:00,SJ4309 3356,0.00,"Not raining at the time, 5cm below overspill",1.25,2.74,0.0769,60,0.033,15.2,0.0051,2.26,0.039,4.48,0.0602,187,15.9,9.78,,,,
003412411,22132033,12447 Shropshire Mere inflows monitoring,20088197,Cole Mere Inflow Black Coppice Drain,12-JAN-16  08:10,SJ4313 3354,4.50,"Not raining at the time, tannin stained",1.02,6.74,0.0784,174,0.319,40,0.0314,5.65,0.056,8.61,0.0714,460,2.9,<3,,,,
003423620,22132033,12447 Shropshire Mere inflows monitoring,20088086,Crose Mere Silt Trap Outflow,13-JAN-16  08:50,SJ4285 3038,7.00,Not raining at the time but has been for several wks,1.15,7.45,0.46,90,0.038,21.7,0.0133,5.81,0.243,6.76,0.386,299,96.3,63.4,,,,
003423621,22132033,12447 Shropshire Mere inflows monitoring,20088086,Crose Mere Silt Trap Inflow,13-JAN-16  09:10,SJ4283 3034,8.00,Not raining at the time but has been for several wks,<1.00,7.86,0.372,94,0.048,24.6,0.0126,6.4,0.264,6.93,0.338,323,74.7,41,,,,
003423622,22132033,12447 Shropshire Mere inflows monitoring,20088086,Sweat Mere Inflow Hulme Field Drain,13-JAN-16  09:40,SJ4367 3040,8.00,Not raining at the time but has been for several wks,1.13,7.64,0.146,220,0.122,28.8,0.0129,6.62,0.09,6.37,0.117,562,10.9,8.38,,,,
003423623,22132033,12447 Shropshire Mere inflows monitoring,20088086,White Mere Silt Trap Inflow,13-JAN-16  10:00,SJ4169 3306,0.10,Not raining at the time,1.2,7.67,0.0701,178,0.042,84.6,0.0056,6.74,0.017,8.82,0.0487,624,22.7,31.5,,,,
003423624,22132033,12447 Shropshire Mere inflows monitoring,20088086,White Mere Swale After Check Dam,13-JAN-16  10:15,SJ4170 3304,0.00,"Not raining at the time, near top of sill",1.37,4.99,0.112,111,0.433,42.6,0.0231,3.15,0.055,5.17,0.078,366,15.1,10.2,,,,
003423625,22132033,12447 Shropshire Mere inflows monitoring,20088798,Marton Pool Inflow Dale Ditch,28-JAN-16  09:15,SJ2963 0287,11.00,Not raining,<1.00,2.32,0.0604,238,0.071,42.1,0.0087,1.54,0.038,11.8,0.0546,621,4,<3,93.2,16.7,6.34,23.7
003423626,22132033,12447 Shropshire Mere inflows monitoring,20088798,Marton Pool Inflow Lowerfield Brook,28-JAN-16  09:50,SJ2948 0292,38.00,Strong flow not raining,1.39,5.98,0.0815,123,0.166,20.9,0.0099,5.28,0.056,8.57,0.0682,347,10.2,17.4,50.5,9.25,3.17,10.5
003423627,22132033,12447 Shropshire Mere inflows monitoring,20088798,Marton Pool Inflow Road Drain,28-JAN-16  11:15,SJ2935 0281,6.00,Not raining,8.31,15.9,0.783,221,3.07,60.2,0.163,9.19,0.488,10.2,0.585,669,16.8,13.9,82.9,14.8,30.1,23.4
003423628,22132033,12447 Shropshire Mere inflows monitoring,20088798,Marton Pool caravan extension,28-JAN-16  11:30,SJ2930 0299,0.033,Flowing steadily. Not raining.,<2.75,4.35,0.0877,,0.044,20.46,0.066,3.124,0.044,11.9,0.0681,434,20.7,16.2,68.7,12.4,2.8,13.3
003428865,22132033,12447 Shropshire Mere inflows monitoring,20088798,Marton Pool drain from Marton village/rd in Evans Field,28-JAN-16  12:50,SJ2906 0259,0.125,Not raining,1.42,7.98,0.737,218,0.068,327,0.0179,6.09,0.545,13.8,0.611,1490,35.6,37.2,89,20.7,35.5,185
003428866,22132033,12447 Shropshire Mere inflows monitoring,20089232,Brown Moss Drain from Proctor maize by Sycamore to Pool 10,07-FEB-16  10:15,SJ56442 39458,0.50,Not raining,<1.00,5.6,0.0486,151,<0.0300,19.1,<0.00400,4.7,0.019,4.05,0.0372,418,2.2,7.7,63.8,7.37,19.9,8.8
003428867,22132033,12447 Shropshire Mere inflows monitoring,20089232,Brown Moss Drain by Crab Apple from Gregory's pool to Pool 10  ,07-FEB-16  10:45,SJ56554 39377,0.90,Not raining,<1.00,30.6,0.117,75,<0.0300,36.7,0.052,26.9,0.09,4.07,0.112,540,2.2,6.4,55.2,11.5,42.2,14.3
003428868,22132033,12447 Shropshire Mere inflows monitoring,20089232,Brown Moss Culvert Under Track By Holly Cottage to Pool 6,07-FEB-16  12:45,SJ5613 3908,1.25,Not raining,<1.00,20,0.0335,130,0.105,29.5,0.0203,17.3,0.022,4.81,0.0291,523,3.9,<3.00,82.1,14.3,4.55,9.53
003428869,22132033,12447 Shropshire Mere inflows monitoring,20089232,Brown Moss by Road Culvert to Pool 5,07-FEB-16  16:20,SJ5630 3969,0.50,Not raining,1.2,2.22,0.304,140,0.056,19.4,0.0097,0.73,0.247,5.56,0.307,322,1.7,6.4,58.5,4.18,6.61,6.42
003428870,22132033,12447 Shropshire Mere inflows monitoring,20089232,Brown Moss Field Culvert from Matthews field to Pool 13,07-FEB-16  16:40,SJ5624 3899,0.90,Not raining,<1.00,14.3,0.0571,88,0.041,30.3,<0.00400,12.7,0.037,5.39,0.0466,405,8.9,4.7,60.3,8.78,6.78,8.09
003428871,22132033,12447 Shropshire Mere inflows monitoring,20089749,Cole Mere Inflow Canal by the Overspill,18-FEB-16  09:30,SJ4309 3356,0.00,"Not raining at the time, 3cm below overspill",1.53,1.94,0.0357,51,<0.0300,16.1,<0.00400,1.57,0.013,3.55,0.0295,172,7.6,4.93,,,,
003428872,22132033,12447 Shropshire Mere inflows monitoring,20089749,Cole Mere Inflow Black Coppice Drain,18-FEB-16  10:00,SJ4313 3354,3.90,Not raining at the time,1.52,6.79,0.0478,149,0.156,38,0.021,5.45,0.02,7.77,0.0407,435,3,4.43,,,,
003428873,22132033,12447 Shropshire Mere inflows monitoring,20089749,Cole Mere Canal Leak,18-FEB-16  10:15,SJ56553 39371,0.50,Not raining,1.6,1.98,0.0346,53,<0.0300,15.7,<0.00400,1.5,<0.0100,3.57,0.0284,177,6.8,7.53,,,,
003428874,22132033,12447 Shropshire Mere inflows monitoring,20089749,Cole Mere Inflow Little Mill Cottage,18-FEB-16  10:30,SJ4288 3347,3.84,Not raining,1.39,2.73,0.14,118,0.195,21.5,0.0092,1.09,0.08,6.1,0.12,287,4.9,4.18,,,,
003428875,22132033,12447 Shropshire Mere inflows monitoring,20089749,White Mere Silt Trap Inflow,18-FEB-16  11:00,SJ4169 3306,0.25,Not raining,<1.00,7.31,0.0267,170,<0.0300,72,0.0056,6.66,<0.0100,9.31,0.0242,590,7.9,8.03,,,,
003428876,22132033,12447 Shropshire Mere inflows monitoring,20089749,White Mere Swale After Check Dam,18-FEB-16  11:20,SJ4170 3304,0.00,"Not raining, ducks had been puddling",2.84,4.13,0.103,146,0.053,222,0.0202,2.69,<0.0100,3.72,0.0759,987,54.1,35.3,,,,
003428877,22132033,12447 Shropshire Mere inflows monitoring,20089749,White Mere Spun Hill Drain Silt Trap Outflow,18-FEB-16  11:40,SJ41638 33172,0.625,Not raining,2.84,5.03,0.157,98,0.295,18.1,0.0127,2.15,0.017,3.45,0.114,278,8,11.4,,,,
003428878,22132033,12447 Shropshire Mere inflows monitoring,20089749,White Mere Inflow Griffiths Field Drain,18-FEB-16  12:00,SJ4170 3274,2.50,Strong flow ochre dispersed,1.14,10.1,0.179,79,0.167,33.5,0.0057,7.17,0.13,5.93,0.155,316,3.5,<3,,,,
003428879,22132033,12447 Shropshire Mere inflows monitoring,20089749,Crose Mere Silt Trap Inflow,18-FEB-16  13:20,SJ4283 3034,10.00,Rain yesterday,1.59,7.43,0.208,143,0.097,29.4,0.0245,6.05,0.15,6.95,0.183,421,26.3,11.4,,,,
003428880,22132033,12447 Shropshire Mere inflows monitoring,20089749,Crose Mere Silt Trap Outflow,18-FEB-16  13:30,SJ4285 3038,7.50,Rain yesterday,1.54,6.78,0.22,138,0.046,29.4,0.0278,5.45,0.169,6.01,0.2,403,31.1,10.7,,,,
003428881,22132033,12447 Shropshire Mere inflows monitoring,20089749,Sweat Mere Inflow Hulme Field Drain,18-FEB-16  14:00,SJ4367 3040,8.00,Rained yesterday,<1.00,7.96,0.0544,238,0.05,33.4,0.0104,6.73,0.017,6.6,0.0472,642,3.6,<3,,,,
003428882,22132033,12447 Shropshire Mere inflows monitoring,20090083,Marton Pool Inflow Road Drain,25-FEB-16  13:15,SJ2935 0281,5.00,Not been raining for a few days,6.06,15.5,0.704,225,1.87,49.3,0.621,10.5,0.452,9.94,0.597,654,12.3,17.5,,,,
003428883,22132033,12447 Shropshire Mere inflows monitoring,20090083,Marton Pool Inflow Lowerfield Brook,25-FEB-16  13:30,SJ2948 0292,36.00,Strong flow not rained for a few days,3.82,5.64,0.0449,138,<0.0300,19.9,0.0066,5.19,0.029,8.94,0.0411,366,2.6,12.6,,,,
003428884,22132033,12447 Shropshire Mere inflows monitoring,20090083,Marton Pool Inflow Dale Ditch,25-FEB-16  14:00,SJ2963 0287,10.00,Not rained for a few days,<1.00,1.44,0.032,261,0.092,40.9,0.0062,0.99,0.018,12.2,0.0344,648,4.1,<3,,,,
003455714,22132033,12447 Shropshire Mere inflows monitoring,20090795,Brown Moss Culvert Under Track By Holly Cottage to Pool 6,10-MAR-16  10:00,SJ5613 3908,1.9,Not raining flow steady,2.15,22.9,0.0891,120,0.037,29.1,0.0121,18.7,0.036,5.46,0.0474,516,5.4,5.5,81.5,14.8,3.76,10.1
003455715,22132033,12447 Shropshire Mere inflows monitoring,20090795,Brown Moss Drain by Crab Apple from Gregory's pool to Pool 10  ,10-MAR-16  10:30,SJ56554 39377,0.5,Not raining flow quite steady,1.36,19.3,0.13,78,0.035,27.7,0.0409,16.8,0.062,1.17,0.0923,419,10,15,43.5,9.1,32.3,12
003455716,22132033,12447 Shropshire Mere inflows monitoring,20090795,Brown Moss inflow to Pool 10 Proctor 2nd Drain with possible spring,10-MAR-16  10:45,SJ 50510 39415,0.36,Not raining,1.02,7,0.0578,106,<0.0300,15,<0.00400,5.77,0.032,6.25,0.0473,323,13.1,22.7,51.2,4.31,14.2,7.43
003455717,22132033,12447 Shropshire Mere inflows monitoring,20090795,Brown Moss Drain from Proctor maize by Sycamore to Pool 10,10-MAR-16  11:00,SJ56442 39458,0.36,Not raining,<1.00,4.46,0.0487,134,0.04,17,<0.00400,3.58,0.034,4.31,0.0298,375,3.1,3,58.5,6.93,16.5,8.36
003455718,22132033,12447 Shropshire Mere inflows monitoring,20090795,Brown Moss by Road Culvert to Pool 5,10-MAR-16  11:15,SJ5630 3969,0.25,Not raining,<1.00,2.3,0.2,130,0.043,17,0.0081,1.14,0.181,5.48,0.19,308,1,<3.00,57.6,4.2,5.2,6.91
003455708,22132033,12447 Shropshire Mere inflows monitoring,20090643,Binweston STW Pump Station,09-MAR-16  10:15,SJ30150 04087,Manhole cover overflowing,Rained yesterday,54.2,20.9,2.89,194,11.8,101,<0.00400,<0.200,1.62,8.19,2.28,694,60.8,110,52.7,11.6,19.2,60.6
003455709,22132033,12447 Shropshire Mere inflows monitoring,20090643,Marton Pool drain from Marton village/rd in Evans Field,09-MAR-16  10:20,SJ2906 0259,1,Raining yesterday,8.83,11.3,1.6,135,0.698,161,0.0494,6.06,0.891,10.1,1.36,815,176,176,52.8,12.9,32.5,98.8
003455710,22132033,12447 Shropshire Mere inflows monitoring,20090643,Marton Pool Evans Field Drains at outfall to Pool,09-MAR-16  11:30,SJ29309 02551,11.55,Raining yesterday,3.75,7.07,0.412,80,0.178,80.2,0.018,3.45,0.121,8.94,0.331,470,93.6,73.5,45.3,8.27,8.55,47.1
003455711,22132033,12447 Shropshire Mere inflows monitoring,20090643,Marton Pool Inflow from Aylesford Brook,09-MAR-16  12:00,SJ29331 02539,21.25,Not raining,34,13.4,1.58,92,0.571,30.2,0.0365,3.75,0.378,7.29,1,299,107,107,36.5,9.2,10.6,15.4
003455712,22132033,12447 Shropshire Mere inflows monitoring,20090643,Marton Pool Managers House Drain,09-MAR-16  12:30,SJ2965 0292,0.15,"Not raining, pulsed like washing machine",163,22.7,4.92,159,15.7,67.2,<0.00400,<0.200,2.97,5.6,4.43,547,86.1,117,43.4,22.6,9.39,42.6
003455713,22132033,12447 Shropshire Mere inflows monitoring,20090643,Marton Pool Caravan Park Septic tank overflow to Dales Ditch,09-MAR-16  12:50,SJ2964 0305,0.125,Not raining,4.15,3.68,0.426,110,1.63,27.2,0.0791,0.24,0.246,6.45,0.343,319,12.3,13.9,44,7.28,4.19,15.3
003455676,22132033,12447 Shropshire Mere inflows monitoring,20091274,White Mere Spun Hill Drain Silt Trap Outflow,22-MAR-16  16:00,SJ41638 33172,0.3,Been dry conds for 2wks,1.2,3.98,0.0672,123,0.055,19.6,0.0081,1.76,0.024,2.6,0.04,300,2.6,<3.00,52,6.45,4.44,6.46
003455677,22132033,12447 Shropshire Mere inflows monitoring,20091274,White Mere Inflow Griffiths Field Drain,22-MAR-16  16:20,SJ4170 3274,0.5,Been dry conds for 2wks,1.31,5.71,0.173,127,0.235,30.6,0.0105,3.13,0.125,5.96,0.136,351,3.9,<3.00,49.8,8.88,7.44,12.5
003455719,22132033,12447 Shropshire Mere inflows monitoring,20091274,Sweat Mere Inflow Hulme Field Drain,22-MAR-16  08:00,SJ4367 3040,12,Been dry conds for 2wks,1.34,10.3,0.0592,242,0.085,33,0.0138,8.86,0.022,7.3,0.0491,669,3.4,3.7,117,17.1,7.6,12.4
003455720,22132033,12447 Shropshire Mere inflows monitoring,20091274,Crose Mere Silt Trap Outflow,22-MAR-16  09:48,SJ4285 3038,1,Been dry conds for 2wks,1.75,8.63,0.101,191,0.067,37.8,0.041,7.87,0.058,2.35,0.087,548,12,10.4,83.1,16.5,4.13,12.9
003455721,22132033,12447 Shropshire Mere inflows monitoring,20091274,Crose Mere Silt Trap Inflow,22-MAR-16  10:05,SJ4283 3034,1.5,Been dry conds for 2wks,1.16,10.7,0.124,195,0.082,37.7,0.0497,9.8,0.094,6.88,0.109,574,3.9,5.8,87.3,16.8,3.69,13
003455722,22132033,12447 Shropshire Mere inflows monitoring,20091274,Clarepool Moss Near Diver 2,22-MAR-16  11:25,SJ4347 3409,n/a,Been dry conds for 2wks,<2.75,7.99,1.99,27,3.48,22.9,<0.00400,0.27,1.72,3.22,1.88,96,7.8,<6.00,3.32,1.17,4.88,5.29
003455723,22132033,12447 Shropshire Mere inflows monitoring,20091274,Cole Mere Inflow Canal by the Overspill,22-MAR-16  13:30,SJ4309 3356,not overflowing,Been dry conds for 2wks,1.49,1.45,0.0474,40,0.03,14.6,<0.00400,1.04,<0.0100,2.41,0.0317,144,15.5,24.2,16.6,2.68,1.19,7.87
003455724,22132033,12447 Shropshire Mere inflows monitoring,20091274,Cole Mere Inflow Black Coppice Drain,22-MAR-16  13:40,SJ4313 3354,1.2,Been dry conds for 2wks,1.23,11.2,0.0408,192,0.03,42.4,0.0124,10.8,0.014,7.05,0.0277,560,2,<3.00,94.3,9.85,1.72,15.2
003455725,22132033,12447 Shropshire Mere inflows monitoring,20091274,Cole Mere Inflow Little Mill Cottage,22-MAR-16  13:50,SJ4288 3347,4.65,Been dry conds for 2wks,1.39,2.43,0.0807,136,0.115,21.8,0.0112,1.33,0.045,5.56,0.0771,319,4.2,4.6,52.5,5.23,2.37,10.5
003455726,22132033,12447 Shropshire Mere inflows monitoring,20091274,White Mere Silt Trap Inflow,22-MAR-16  15:25,SJ4169 3306,0.05,Been dry conds for 2wks,1.11,6.91,0.0167,207,0.04,59.2,0.0054,6.32,0.012,9.86,<0.0200,607,5.1,4.4,96.9,8.26,1.08,29
003455727,22132033,12447 Shropshire Mere inflows monitoring,20091274,White Mere Swale After Check Dam,22-MAR-16  15:40,SJ4170 3304,n/a,Been dry conds for 2wks,1.44,4.46,0.0299,209,0.03,79,0.0096,3.91,<0.0100,4.59,0.0229,634,18.3,17.9,87.5,8.06,1.31,44.6
003455678,22132033,12447 Shropshire Mere inflows monitoring,20093925,Brown Moss Culvert Under Track By Holly Cottage to Pool 6,20-MAY-16  10:30,SJ5613 3908,0.3,Not raining,<1.00,11.7,0.0222,178,0.03,31,0.0046,10.4,0.015,5.62,0.0223,543,1.5,<3,,,,
003455679,22132033,12447 Shropshire Mere inflows monitoring,20093925,Clarepool Moss Near Diver 2,20-MAY-16  11:15,SJ4347 3409,n/a,Fine and dry,3.59,6.84,2.11,29,2.3,25.2,<0.00400,<0.200,1.77,0.73,2.11,94,5.2,6.2,,,,
003455680,22132033,12447 Shropshire Mere inflows monitoring,20093925,White Mere Silt Trap Inflow,20-MAY-16  11:50,SJ4169 3306,0.02,Fine and dry,1.1,5.56,0.0421,224,0.046,51.7,0.0131,4.86,0.022,10,0.0382,589,10.2,8.45,,,,
003455681,22132033,12447 Shropshire Mere inflows monitoring,20093925,White Mere Spun Hill Drain Silt Trap Outflow,20-MAY-16  12:15,SJ41638 33172,0.2,Fine and dry,2.95,5.64,0.156,157,0.08,19.6,0.042,2.26,0.059,3.37,0.116,330,5.1,4.25,,,,
003455682,22132033,12447 Shropshire Mere inflows monitoring,20093925,Crose Mere Silt Trap Inflow,20-MAY-16  13:30,SJ4283 3034,0.40,Fine and dry,1.71,11,0.279,224,0.082,38.6,0.129,9.65,0.219,7.6,0.267,621,6.6,<3,,,,
003455683,22132033,12447 Shropshire Mere inflows monitoring,20093925,Crose Mere Silt Trap Outflow,20-MAY-16  13:45,SJ4285 3038,0.28,Fine and dry,7.09,3.31,0.252,202,0.111,35,0.0462,1.53,0.072,1.8,0.253,507,6.2,8.4,,,,
003557639,22132033,12447 Shropshire Mere inflows monitoring,20093925,Sweat Mere Inflow Hulme Field Drain,20-MAY-16  14:20,SJ4367 3040,8.00,Fine and dry,<1.00,14.2,0.0471,248,0.091,31.9,0.0197,12.8,0.031,8.64,0.0441,690,3.7,3.45,,,,
003557640,22132033,12447 Shropshire Mere inflows monitoring,20093925,Cole Mere Inflow Little Mill Cottage,20-MAY-16  15:00,SJ4288 3347,1.54,Fine and dry,1.78,1.49,0.095,127,0.088,17.8,0.016,0.57,0.043,3.51,0.0894,280,4.2,6.1,,,,
003557641,22132033,12447 Shropshire Mere inflows monitoring,20093925,Cole Mere Inflow Canal by the Overspill,20-MAY-16  15:30,SJ4309 3356,"not overflowing, canal 10cm below spill",Fine and dry,2.07,1.21,0.0916,38,0.03,12.9,<0.00400,0.56,<0.0100,0.71,0.0693,125,38.1,59.6,,,,
003557642,22132033,12447 Shropshire Mere inflows monitoring,20093925,Cole Mere Inflow Black Coppice Drain,20-MAY-16  15:45,SJ4313 3354,1.75,Fine and dry,1.43,13.6,0.0445,213,0.03,41.1,0.0138,12.6,0.017,6.89,0.0392,600,5.2,8.4,,,,
003455684,22132033,12447 Shropshire Mere inflows monitoring,20094050,White Mere Inflow Griffiths Field Drain,23-MAY-16  11:44,SJ4170 3274,0.50,Fine and dry,1.64,3.15,0.226,207,0.109,33.5,<0.00400,1.15,0.098,7.29,0.189,505,27.8,28.3,,,,
003455685,22132033,12447 Shropshire Mere inflows monitoring,20094050,Marton Pool Inflow Dale Ditch,24-MAY-16  12:20,SJ2963 0287,7.00,Fine and dry,<1.00,0.65,0.0275,268,0.195,42.4,0.0126,0.22,0.015,12.5,0.0288,661,5.1,5,,,,
003455686,22132033,12447 Shropshire Mere inflows monitoring,20094050,Marton Pool Caravan Park Septic tank overflow to Dales Ditch,24-MAY-16  12:45,SJ2964 0305,0.1,Fine and dry,21.2,17.1,2.12,250,11.6,107,<0.00400,<0.200,1.52,10.8,1.98,766,19.8,19.7,,,,
003455687,22132033,12447 Shropshire Mere inflows monitoring,20094050,Marton Pool Inflow Road Drain,24-MAY-16  13:10,SJ2935 0281,6.00,"Fine and dry, flow steady",1.35,17.3,0.21,215,0.801,41.8,0.261,15.6,0.151,10.1,0.192,640,5.2,6.85,,,,
003455688,22132033,12447 Shropshire Mere inflows monitoring,20094050,Marton Pool Inflow Lowerfield Brook,24-MAY-16  13:30,SJ2948 0292,23.98,"Fine and dry, steady flow",2.05,4.56,0.0689,162,0.034,21,0.0137,3.92,<0.0100,8.2,0.0603,409,12.8,21.2,,,,
003455689,22132033,12447 Shropshire Mere inflows monitoring,20095420,Crose Mere Silt Trap Inflow,22-JUN-16  09:15,SJ4283 3034,1.00,Dry few days after heavy rain last week,4.46,12.8,0.333,219,2.96,43.3,0.6,8.05,0.197,8.2,0.267,622,4.3,8.7,,,,
003455690,22132033,12447 Shropshire Mere inflows monitoring,20095420,White Mere Swale After Check Dam,22-JUN-16  11:05,SJ4170 3304,not overflowing,Dry few days after heavy rain last week,2.96,0.89,0.0639,197,0.031,50,<0.00400,<0.200,<0.0100,3.02,0.065,481,6.2,11.7,,,,
003455691,22132033,12447 Shropshire Mere inflows monitoring,20095420,White Mere Spun Hill Drain Silt Trap Outflow,22-JUN-16  11:26,SJ41638 33172,0.27,Dry few days after heavy rain last week,<2.75,8.3,0.13,192,0.093,21.1,0.0965,5.77,0.029,6.04,0.0916,431,8.9,12.9,,,,
003455692,22132033,12447 Shropshire Mere inflows monitoring,20095420,White Mere Inflow Griffiths Field Drain,22-JUN-16  11:40,SJ4170 3274,0.20,Dry few days after heavy rain last week,1.31,2.75,0.156,229,0.153,39.4,<0.00400,0.84,0.095,7.89,0.128,573,21.8,36.2,,,,
003455693,22132033,12447 Shropshire Mere inflows monitoring,20095420,Cole Mere Inflow Little Mill Cottage,22-JUN-16  14:22,SJ4288 3347,0.01,Dry few days after heavy rain last week,1.57,1.99,0.215,136,0.362,17.6,0.0385,0.26,0.142,6.46,0.198,283,6,13.1,,,,
003455694,22132033,12447 Shropshire Mere inflows monitoring,20095420,Cole Mere Inflow Canal by the Overspill,22-JUN-16  15:00,SJ4309 3356,no overspill,Dry few days after heavy rain last week,3.1,1.9,0.142,46,0.03,12.2,0.0046,1.02,0.01,2.03,0.112,143,59.3,115,,,,
003455695,22132033,12447 Shropshire Mere inflows monitoring,20095420,Cole Mere Inflow Black Coppice Drain,22-JUN-16  15:15,SJ4313 3354,0.75,Dry few days after heavy rain last week,1.58,13.5,0.0877,220,0.03,40.2,0.0145,12.8,0.026,8.55,0.0545,603,10.4,33.4,,,,
003557643,22132033,12447 Shropshire Mere inflows monitoring,20095420,Crose Mere Silt Trap Outflow,23-JUN-16  09:45,SJ4285 3038,0.5,Dry few days after heavy rain last week,3.37,5.88,0.296,230,2.21,43.2,0.339,1.48,0.167,5.06,0.24,580,17,19.8,,,,
003557644,22132033,12447 Shropshire Mere inflows monitoring,20095420,Sweat Mere Inflow Hulme Field Drain,23-JUN-16  10:15,SJ4367 3040,5,Dry few days after heavy rain last week,<1.00,11.3,0.0905,241,0.207,30.5,0.0197,9.92,0.055,8.69,0.078,650,3.9,5.15,,,,
003557645,22132033,12447 Shropshire Mere inflows monitoring,20095420,White Mere Silt Trap Inflow,23-JUN-16  11:00,SJ4169 3306,0.0138,Dry few days after heavy rain last week,<1.00,6.99,0.0468,217,0.056,47.6,0.0162,6.2,0.028,11,0.0387,568,9,12,,,,
003557646,22132033,12447 Shropshire Mere inflows monitoring,20095420,Clarepool Moss Near Diver 2,23-JUN-16  15:40,SJ4347 3409,n/a,Dry few days after heavy rain last week,18.8,8.89,2.75,16,2,22,<0.00400,<0.200,1.85,3.31,2.57,96,12.2,45.8,,,,
003557647,22132033,12447 Shropshire Mere inflows monitoring,20095420,Marton Pool Inflow Dale Ditch,23-JUN-16  09:10,SJ2963 0287,19.68,Dry few days after heavy rain last week,<1.00,0.69,0.0376,268,0.289,42.2,0.0145,<0.200,0.029,13.2,0.0369,665,4.7,6.55,,,,
003557648,22132033,12447 Shropshire Mere inflows monitoring,20095420,Marton Pool Inflow Road Drain,23-JUN-16  09:30,SJ2935 0281,3,Dry few days after heavy rain last week,1.12,16.3,0.267,213,1.01,42.3,0.0289,14.9,0.201,10.7,0.236,636,5.9,8.8,,,,
003557649,22132033,12447 Shropshire Mere inflows monitoring,20095420,Marton Pool Inflow Lowerfield Brook,23-JUN-16  09:45,SJ2948 0292,17.49,Dry few days after heavy rain last week,<1.00,4.52,0.0491,138,0.03,20.2,0.0057,4.19,0.038,9.79,0.043,366,3.9,7.97,,,,
003557650,22132033,12447 Shropshire Mere inflows monitoring,20096447,White Mere Spun Hill Drain Silt Trap Outflow,14-JUL-16  09:00,SJ41638 33172,0.13,Fine and dry,1.58,6.84,0.141,212,0.194,19,0.13,3.77,0.021,6.51,0.0496,440,3.2,3.87,83.4,9.77,4.01,6.84
003557651,22132033,12447 Shropshire Mere inflows monitoring,20096447,White Mere Silt Trap Inflow,14-JUL-16  09:40,SJ4169 3306,0.01,Fine and dry,1.13,6.29,0.0631,239,0.082,67.4,0.0361,5.54,0.038,11.3,0.0586,645,8.1,10.4,95.3,8.12,1.56,42.8
003557652,22132033,12447 Shropshire Mere inflows monitoring,20096447,White Mere Road Drain Outfall in Griffiths field,14-JUL-16  15:30,SJ41731 32978,0.002,Fine and dry,2.53,1.98,0.303,209,0.05,25,0.0107,0.76,0.046,10.6,0.224,421,21,37.6,75.7,7.38,4.64,13.1
003557653,22132033,12447 Shropshire Mere inflows monitoring,20096447,White Mere Inflow Griffiths Field Drain,14-JUL-16  16:05,SJ4170 3274,0.01,Fine and dry,<1.00,0.82,0.0355,298,0.033,47.2,<0.00400,0.41,<0.0100,7.68,0.0381,721,14.6,10.5,126,21.1,2.47,15.7
